{"clean_mean": [-15.33381462097168, -14.843512535095215, -13.90571117401123, -11.948244094848633, -10.063010215759277, -9.525057792663574, -9.78648567199707, -10.03613567352295, -9.586221694946289, -8.619830131530762, -8.404424667358398, -8.849859237670898, -9.403888702392578, -9.74171257019043, -9.381113052368164, -9.0357027053833, -9.155536651611328, -9.372129440307617, -9.680923461914062, -9.768448829650879, -9.606398582458496, -9.73886775970459, -9.652487754821777, -9.62360668182373, -9.582315444946289, -9.259146690368652, -9.281322479248047, -9.271692276000977, -9.174251556396484, -9.134971618652344, -9.4357271194458, -9.14444351196289, -9.369159698486328, -9.141325950622559, -9.055758476257324, -8.92434024810791, -8.953298568725586, -9.015443801879883, -8.99303150177002, -9.019548416137695, -9.14921760559082, -9.314726829528809, -9.526491165161133, -9.571949005126953, -9.747204780578613, -9.769322395324707, -9.454570770263672, -9.156966209411621, -8.820833206176758, -8.475996017456055, -8.398025512695312, -8.045804977416992, -7.746553897857666, -7.59657621383667, -7.485284805297852, -7.408712387084961, -7.431003570556641, -7.0774970054626465, -6.865627288818359, -6.946537017822266, -7.37361478805542, -8.236416816711426, -9.273859977722168, -10.52940845489502, -11.710686683654785, -11.768939971923828, -10.792746543884277, -10.57475471496582, -11.333518028259277, -12.56574535369873, -12.640528678894043, -12.51991081237793, -14.337003707885742, -16.58615493774414, -16.593793869018555, -16.593379974365234, -16.592872619628906, -16.59234619140625, -16.5919132232666, -16.591806411743164], "clean_std": [1.2706365585327148, 1.5871541500091553, 2.289425849914551, 3.3078949451446533, 3.7417449951171875, 3.707719564437866, 3.5899574756622314, 3.6098389625549316, 3.8918955326080322, 4.190815448760986, 4.326918125152588, 4.258946418762207, 3.9763782024383545, 3.7639389038085938, 3.817659378051758, 3.983590841293335, 4.071714401245117, 4.050500392913818, 3.956303358078003, 3.8648529052734375, 3.8710720539093018, 3.85335373878479, 3.8659424781799316, 3.8682053089141846, 3.8680505752563477, 3.9008889198303223, 3.910489797592163, 3.910874128341675, 3.8894922733306885, 3.87575101852417, 3.901334762573242, 3.9557440280914307, 3.8926069736480713, 3.993223190307617, 4.0980610847473145, 4.14793062210083, 4.171870231628418, 4.178610324859619, 4.259421348571777, 4.362164497375488, 4.29812479019165, 4.125514030456543, 4.073361873626709, 4.046534538269043, 3.9761884212493896, 3.933157444000244, 3.8393747806549072, 3.862067461013794, 3.8873183727264404, 4.020164966583252, 4.031471252441406, 4.010433673858643, 4.135857105255127, 4.228541374206543, 4.306176662445068, 4.308404922485352, 4.278719902038574, 4.322802543640137, 4.350048542022705, 4.3188700675964355, 4.259690761566162, 4.281684875488281, 4.133431911468506, 3.907670736312866, 3.9737470149993896, 4.155458927154541, 3.9367470741271973, 3.771540403366089, 3.664433002471924, 3.5511443614959717, 3.4432458877563477, 3.659334897994995, 2.8600659370422363, 0.5759036540985107, 0.5715152025222778, 0.571381688117981, 0.5715686082839966, 0.571595311164856, 0.571381688117981, 0.5716220140457153], "tlog_mean": [-12.85004711151123, -11.354650497436523, -9.977320671081543, -9.044952392578125, -8.26651668548584, -8.015836715698242, -7.920209884643555, -7.852964401245117, -7.8617167472839355, -7.751314640045166, -7.8470778465271, -8.076142311096191, -8.096177101135254, -8.123815536499023, -8.156959533691406, -8.313464164733887, -8.70167064666748, -8.858026504516602, -9.01811408996582, -9.178604125976562, -9.252934455871582, -9.596257209777832, -9.640560150146484, -9.68506908416748, -9.782429695129395, -9.739608764648438, -9.966215133666992, -10.056694984436035, -9.99986457824707, -9.9577054977417, -10.223287582397461, -9.937383651733398, -10.139777183532715, -9.936637878417969, -9.902692794799805, -9.80678939819336, -9.7562255859375, -9.778912544250488, -9.846761703491211, -9.89751148223877, -9.974522590637207, -10.064423561096191, -10.189324378967285, -10.245355606079102, -10.332599639892578, -10.324532508850098, -10.32961368560791, -10.260791778564453, -10.172409057617188, -10.092538833618164, -10.052715301513672, -10.00712776184082, -10.067941665649414, -10.139195442199707, -10.250429153442383, -10.307433128356934, -10.32823657989502, -10.296187400817871, -10.18580150604248, -10.12099838256836, -10.126517295837402, -10.202582359313965, -10.39511489868164, -10.584261894226074, -10.796257972717285, -11.002812385559082, -11.208478927612305, -11.391644477844238, -11.492278099060059, -11.55073070526123, -11.60184097290039, -11.589705467224121, -11.52713680267334, -11.488120079040527, -11.45661449432373, -11.442593574523926, -11.503801345825195, -11.643999099731445, -11.809043884277344, -12.034276962280273], "tlog_std": [2.756619930267334, 3.2380833625793457, 3.5261950492858887, 3.615992546081543, 3.565498113632202, 3.601062536239624, 3.66495418548584, 3.755037546157837, 3.853393793106079, 3.8872427940368652, 3.895040512084961, 3.899460792541504, 3.920546054840088, 3.946916341781616, 3.991412401199341, 3.9766364097595215, 3.938462018966675, 3.90251088142395, 3.8623647689819336, 3.787956953048706, 3.679955005645752, 3.5973923206329346, 3.6068766117095947, 3.614377021789551, 3.580976724624634, 3.526611566543579, 3.495793581008911, 3.4904415607452393, 3.484943151473999, 3.475843667984009, 3.470276117324829, 3.525090456008911, 3.5399861335754395, 3.572154998779297, 3.631603717803955, 3.6900522708892822, 3.7094836235046387, 3.706474542617798, 3.693897008895874, 3.631115198135376, 3.5912249088287354, 3.5138840675354004, 3.4414095878601074, 3.413674831390381, 3.3574769496917725, 3.339545726776123, 3.3267745971679688, 3.3178586959838867, 3.3499720096588135, 3.4041337966918945, 3.466681957244873, 3.5083866119384766, 3.4881346225738525, 3.455031156539917, 3.3892509937286377, 3.3260245323181152, 3.317657470703125, 3.339472532272339, 3.414459228515625, 3.510343313217163, 3.577627182006836, 3.5935781002044678, 3.533276081085205, 3.454270362854004, 3.355351686477661, 3.2443788051605225, 3.191498279571533, 3.1493823528289795, 3.117292642593384, 3.0988998413085938, 3.1018502712249756, 3.1406807899475098, 3.1668896675109863, 3.1619083881378174, 3.155751943588257, 3.145555019378662, 3.1436212062835693, 3.149421215057373, 3.1303956508636475, 3.1277916431427]}